hydroid,order
2109120,1
2109133,2
2109229,3
2109238,4
2109243,5
2109317,6
2109333,7
2109326,8
2109292,9
2109269,10
2109248,11
2109256,12
2109360,13
2109428,14
2109454,15
2109461,16
2109474,17
2109481,18
2109488,19
2109490,20
2109493,21
2109495,22
2109506,23
2109512,24
2109514,25
2109524,26
2109527,27
2109534,28
2109542,29
2109547,30
2109551,31
2109555,32
2109549,33
2109523,34
2109519,35
2109518,36
2109515,37
2109508,38
2109500,39
2109483,40
2109476,41
2109472,42
2109467,43
2109470,44
2109458,45
2109456,46
2109452,47
2109449,48
2109445,49
2109444,50
2109430,51
2109417,52
2109415,53
2109391,54
2109387,55
2109375,56
2109345,57
2109325,58
2109309,59
2109350,60
2109361,61
2109359,62
2109383,63
2109395,64
2109413,65
2109406,66
2109386,67
2109376,68
2109366,69
2109327,70
2109316,71
2109298,72
2109283,73
2109270,74
2109272,75
2109245,76
2109237,77
2109217,78
2109206,79
2109205,80
2109159,81
2109187,82
2109161,83
2109201,84
2109193,85
2109184,86
2109173,87
2109172,88
2109165,89
2109148,90
2109176,91
2109142,92
2109139,93
2109134,94
2109136,95
2109132,96
2109116,97
2109111,98
2109112,99
2109110,100
2109113,101
2109115,102